gen,treatment,individual,final_size,gen_in_control,gen_in_antibiotics,final_survival_day,brood_one_day,brood_one_numoffspring,brood_two_day,brood_two_numoffspring,brood_three_day,brood_three_numoffspring,detailed_treatment,figure_labels
0,control,1,2.927,1,0,21,13,1,16,6,NA,NA,control_gen0,C1
0,control,2,3.077,1,0,21,16,4,20,3,NA,NA,control_gen0,C1
0,control,3,3.028,1,0,21,16,7,NA,NA,NA,NA,control_gen0,C1
0,control,4,2.994,1,0,21,16,3,20,5,NA,NA,control_gen0,C1
0,control,5,2.995,1,0,21,16,7,NA,NA,NA,NA,control_gen0,C1
0,control,6,3.128,1,0,21,16,3,20,5,NA,NA,control_gen0,C1
0,control,7,3.115,1,0,21,11,4,15,2,19,8,control_gen0,C1
0,control,8,2.967,1,0,21,11,4,15,5,19,8,control_gen0,C1
0,control,9,2.967,1,0,21,13,4,16,7,NA,NA,control_gen0,C1
0,control,10,3.044,1,0,21,10,5,17,5,NA,NA,control_gen0,C1
0,control,11,2.811,1,0,21,12,3,16,6,NA,NA,control_gen0,C1
0,control,12,3.248,1,0,21,11,4,15,6,19,7,control_gen0,C1
0,control,13,3.117,1,0,21,12,1,16,6,20,3,control_gen0,C1
0,control,14,3.06,1,0,21,20,3,NA,NA,NA,NA,control_gen0,C1
0,control,15,3.081,1,0,21,13,2,17,2,NA,NA,control_gen0,C1
0,control,16,2.961,1,0,21,16,2,20,5,NA,NA,control_gen0,C1
0,control,17,3.218,1,0,21,11,6,15,7,19,8,control_gen0,C1
0,control,18,3.008,1,0,21,10,4,14,3,19,5,control_gen0,C1
0,control,19,2.988,1,0,21,11,2,15,5,19,3,control_gen0,C1
0,control,20,3.088,1,0,21,13,2,17,3,NA,NA,control_gen0,C1
0,control,21,3.035,1,0,21,11,6,15,7,20,6,control_gen0,C1
0,control,22,2.996,1,0,21,13,3,17,1,NA,NA,control_gen0,C1
0,control,23,2.935,1,0,21,14,1,17,1,NA,NA,control_gen0,C1
0,control,24,3.161,1,0,21,13,2,17,4,NA,NA,control_gen0,C1
0,antibiotic,1,3.069,0,1,21,13,2,17,1,NA,NA,antibiotic_gen0,A1
0,antibiotic,2,3.173,0,1,21,NA,NA,NA,NA,NA,NA,antibiotic_gen0,A1
0,antibiotic,3,3.045,0,1,21,13,2,17,2,NA,NA,antibiotic_gen0,A1
0,antibiotic,4,3.189,0,1,21,12,4,16,4,20,3,antibiotic_gen0,A1
0,antibiotic,5,NA,0,1,14,12,2,NA,NA,NA,NA,antibiotic_gen0,A1
0,antibiotic,6,3.226,0,1,21,11,4,NA,NA,NA,NA,antibiotic_gen0,A1
0,antibiotic,7,3.071,0,1,21,11,3,NA,NA,NA,NA,antibiotic_gen0,A1
0,antibiotic,8,3.304,0,1,21,11,6,NA,NA,NA,NA,antibiotic_gen0,A1
0,antibiotic,9,2.772,0,1,21,13,2,17,2,NA,NA,antibiotic_gen0,A1
0,antibiotic,10,2.968,0,1,21,17,5,NA,NA,NA,NA,antibiotic_gen0,A1
0,antibiotic,11,2.786,0,1,21,10,6,17,2,NA,NA,antibiotic_gen0,A1
0,antibiotic,12,2.756,0,1,21,13,3,17,5,NA,NA,antibiotic_gen0,A1
0,antibiotic,13,2.892,0,1,21,10,8,NA,NA,NA,NA,antibiotic_gen0,A1
0,antibiotic,14,2.807,0,1,21,10,5,17,5,NA,NA,antibiotic_gen0,A1
0,antibiotic,15,3.274,0,1,21,12,5,16,3,20,7,antibiotic_gen0,A1
0,antibiotic,16,3.1,0,1,21,13,6,20,3,NA,NA,antibiotic_gen0,A1
0,antibiotic,17,3.169,0,1,21,10,4,NA,NA,NA,NA,antibiotic_gen0,A1
0,antibiotic,18,2.977,0,1,21,12,3,16,4,NA,NA,antibiotic_gen0,A1
0,antibiotic,19,2.891,0,1,21,13,2,16,3,NA,NA,antibiotic_gen0,A1
0,antibiotic,20,3.172,0,1,21,13,2,20,3,NA,NA,antibiotic_gen0,A1
0,antibiotic,21,3.277,0,1,21,12,6,20,4,NA,NA,antibiotic_gen0,A1
0,antibiotic,22,3.173,0,1,21,12,5,20,3,NA,NA,antibiotic_gen0,A1
0,antibiotic,23,3.319,0,1,21,12,7,20,3,NA,NA,antibiotic_gen0,A1
0,antibiotic,24,3.315,0,1,21,11,8,19,3,NA,NA,antibiotic_gen0,A1
1,control,1,2.915,2,0,21,12,1,16,4,19,5,control_gen1,C2
1,control,2,3.008,2,0,21,12,4,20,4,NA,NA,control_gen1,C2
1,control,3,2.937,2,0,21,14,7,18,7,NA,NA,control_gen1,C2
1,control,4,2.802,2,0,21,12,4,16,6,20,4,control_gen1,C2
1,control,5,2.844,2,0,21,14,6,18,5,NA,NA,control_gen1,C2
1,control,6,2.888,2,0,21,12,4,18,4,NA,NA,control_gen1,C2
1,control,7,3.027,2,0,21,16,6,NA,NA,NA,NA,control_gen1,C2
1,control,8,NA,2,0,10,NA,NA,NA,NA,NA,NA,control_gen1,C2
1,control,9,2.979,2,0,18,20,4,NA,NA,NA,NA,control_gen1,C2
1,control,10,3.074,2,0,21,14,7,18,6,NA,NA,control_gen1,C2
1,control,11,2.946,2,0,21,12,1,16,2,19,6,control_gen1,C2
1,control,12,2.76,2,0,21,12,11,16,8,NA,NA,control_gen1,C2
1,control,13,3.061,2,0,21,14,6,18,4,NA,NA,control_gen1,C2
1,control,14,2.96,2,0,21,12,2,16,6,19,7,control_gen1,C2
1,control,15,3.061,2,0,21,12,7,16,4,NA,NA,control_gen1,C2
1,control,16,2.966,2,0,21,12,3,16,4,NA,NA,control_gen1,C2
1,control,17,3.025,2,0,21,12,3,16,3,19,5,control_gen1,C2
1,control,18,3.072,2,0,21,12,4,16,11,19,6,control_gen1,C2
1,control,19,2.785,2,0,21,12,3,18,3,NA,NA,control_gen1,C2
1,control,20,2.841,2,0,21,12,3,16,4,20,4,control_gen1,C2
1,control,21,3.055,2,0,21,16,6,19,6,NA,NA,control_gen1,C2
1,control,22,3.104,2,0,21,12,3,16,10,19,6,control_gen1,C2
1,control,23,2.718,2,0,20,14,9,18,5,NA,NA,control_gen1,C2
1,control,24,3.027,2,0,21,14,4,18,6,NA,NA,control_gen1,C2
1,antibiotic,1,NA,0,2,14,NA,NA,NA,NA,NA,NA,antibiotic_gen1,A2
1,antibiotic,2,3.031,0,2,21,12,6,20,2,NA,NA,antibiotic_gen1,A2
1,antibiotic,3,2.906,0,2,21,12,9,17,4,NA,NA,antibiotic_gen1,A2
1,antibiotic,4,3.115,0,2,21,12,9,16,4,NA,NA,antibiotic_gen1,A2
1,antibiotic,5,2.944,0,2,21,14,8,17,5,NA,NA,antibiotic_gen1,A2
1,antibiotic,6,3.126,0,2,21,10,8,16,5,20,3,antibiotic_gen1,A2
1,antibiotic,7,2.763,0,2,21,12,9,16,3,20,5,antibiotic_gen1,A2
1,antibiotic,8,3.051,0,2,21,10,9,16,6,20,4,antibiotic_gen1,A2
1,antibiotic,9,NA,0,2,12,12,9,NA,NA,NA,NA,antibiotic_gen1,A2
1,antibiotic,10,3.173,0,2,21,12,9,16,3,20,4,antibiotic_gen1,A2
1,antibiotic,11,3.158,0,2,21,10,4,16,4,20,5,antibiotic_gen1,A2
1,antibiotic,12,3.054,0,2,21,12,10,16,7,20,6,antibiotic_gen1,A2
1,antibiotic,13,2.932,0,2,21,10,7,16,4,20,2,antibiotic_gen1,A2
1,antibiotic,14,3.084,0,2,21,14,5,16,4,20,4,antibiotic_gen1,A2
1,antibiotic,15,2.941,0,2,21,12,1,17,5,NA,NA,antibiotic_gen1,A2
1,antibiotic,16,2.977,0,2,21,12,11,16,3,20,3,antibiotic_gen1,A2
1,antibiotic,17,2.99,0,2,21,14,6,17,4,NA,NA,antibiotic_gen1,A2
1,antibiotic,18,3.033,0,2,21,10,6,14,8,20,3,antibiotic_gen1,A2
1,antibiotic,19,2.955,0,2,21,14,8,17,5,NA,NA,antibiotic_gen1,A2
1,antibiotic,20,2.878,0,2,21,14,8,17,2,NA,NA,antibiotic_gen1,A2
1,antibiotic,21,2.826,0,2,21,12,8,16,4,20,7,antibiotic_gen1,A2
1,antibiotic,22,2.633,0,2,21,12,9,16,1,20,6,antibiotic_gen1,A2
1,antibiotic,23,3.106,0,2,21,12,5,16,5,20,3,antibiotic_gen1,A2
1,antibiotic,24,2.931,0,2,21,12,8,20,6,NA,NA,antibiotic_gen1,A2
1,recovery,1,3.005,1,1,21,12,9,16,4,20,5,recovery_gen1.0,R1->1
1,recovery,2,2.994,1,1,21,12,8,16,4,20,6,recovery_gen1.0,R1->1
1,recovery,3,3.067,1,1,21,12,5,16,7,20,6,recovery_gen1.0,R1->1
1,recovery,4,2.902,1,1,21,12,5,16,8,20,3,recovery_gen1.0,R1->1
1,recovery,5,2.925,1,1,21,10,6,16,4,20,5,recovery_gen1.0,R1->1
1,recovery,6,2.994,1,1,21,14,4,18,4,NA,NA,recovery_gen1.0,R1->1
1,recovery,7,3.081,1,1,21,12,10,16,5,20,5,recovery_gen1.0,R1->1
1,recovery,8,2.603,1,1,21,14,5,18,5,NA,NA,recovery_gen1.0,R1->1
1,recovery,9,2.853,1,1,21,12,8,16,5,20,6,recovery_gen1.0,R1->1
1,recovery,10,3.09,1,1,21,12,6,16,7,20,5,recovery_gen1.0,R1->1
1,recovery,11,3.012,1,1,21,14,8,18,5,NA,NA,recovery_gen1.0,R1->1
1,recovery,12,3.008,1,1,21,12,4,16,9,20,5,recovery_gen1.0,R1->1
1,recovery,13,3.167,1,1,21,14,6,NA,NA,NA,NA,recovery_gen1.0,R1->1
1,recovery,14,3.105,1,1,21,12,8,16,6,20,5,recovery_gen1.0,R1->1
1,recovery,15,3.057,1,1,21,12,3,16,3,20,5,recovery_gen1.0,R1->1
1,recovery,16,3.032,1,1,21,12,8,16,6,20,4,recovery_gen1.0,R1->1
1,recovery,17,3.07,1,1,21,12,7,16,6,20,1,recovery_gen1.0,R1->1
1,recovery,18,2.775,1,1,21,10,7,14,4,NA,NA,recovery_gen1.0,R1->1
1,recovery,19,3.013,1,1,21,12,5,16,5,20,4,recovery_gen1.0,R1->1
1,recovery,20,3.147,1,1,21,12,4,16,4,20,5,recovery_gen1.0,R1->1
1,recovery,21,3.056,1,1,21,12,4,16,5,20,6,recovery_gen1.0,R1->1
1,recovery,22,2.833,1,1,21,12,5,16,6,20,3,recovery_gen1.0,R1->1
1,recovery,23,2.975,1,1,21,12,5,16,5,20,5,recovery_gen1.0,R1->1
1,recovery,24,3.072,1,1,21,16,5,20,5,NA,NA,recovery_gen1.0,R1->1
2,control,1,3.365,3,0,21,11,3,15,8,19,9,control_gen2,C3
2,control,2,3.38,3,0,21,14,5,17,3,NA,NA,control_gen2,C3
2,control,3,3.284,3,0,21,11,4,15,9,19,8,control_gen2,C3
2,control,4,3.451,3,0,21,12,2,15,8,20,2,control_gen2,C3
2,control,5,3.195,3,0,21,10,13,14,2,18,7,control_gen2,C3
2,control,6,3.713,3,0,21,12,4,16,8,20,6,control_gen2,C3
2,control,7,3.319,3,0,21,11,4,14,6,18,9,control_gen2,C3
2,control,8,2.875,3,0,21,11,4,14,5,18,7,control_gen2,C3
2,control,9,3.3,3,0,21,11,5,14,6,18,6,control_gen2,C3
2,control,10,3.258,3,0,21,14,3,16,7,NA,NA,control_gen2,C3
2,control,11,3.228,3,0,21,11,1,14,10,19,6,control_gen2,C3
2,control,12,3.186,3,0,21,11,2,14,4,19,8,control_gen2,C3
2,control,13,3.099,3,0,21,11,1,15,7,19,5,control_gen2,C3
2,control,14,3.26,3,0,21,11,5,15,5,19,6,control_gen2,C3
2,control,15,3.115,3,0,21,11,3,15,6,19,5,control_gen2,C3
2,control,16,3.309,3,0,21,11,3,15,10,19,9,control_gen2,C3
2,control,17,2.957,3,0,21,18,2,NA,NA,NA,NA,control_gen2,C3
2,control,18,3.244,3,0,21,12,3,15,7,19,7,control_gen2,C3
2,control,19,3.371,3,0,21,11,2,15,10,19,7,control_gen2,C3
2,control,20,3.288,3,0,21,11,4,14,7,19,12,control_gen2,C3
2,control,21,3.23,3,0,21,12,2,15,9,20,4,control_gen2,C3
2,control,22,3.057,3,0,21,11,2,15,11,19,9,control_gen2,C3
2,control,23,3.29,3,0,21,11,2,15,10,19,9,control_gen2,C3
2,control,24,3.256,3,0,21,11,3,15,4,19,8,control_gen2,C3
2,antibiotic,1,2.934,0,3,21,11,7,16,2,20,2,antibiotic_gen2,A3
2,antibiotic,2,3.137,0,3,21,12,10,16,2,NA,NA,antibiotic_gen2,A3
2,antibiotic,3,3.291,0,3,21,12,8,16,9,NA,NA,antibiotic_gen2,A3
2,antibiotic,4,3.31,0,3,21,12,11,16,2,NA,NA,antibiotic_gen2,A3
2,antibiotic,5,3.157,0,3,21,12,10,16,1,NA,NA,antibiotic_gen2,A3
2,antibiotic,6,NA,0,3,2,NA,NA,NA,NA,NA,NA,antibiotic_gen2,A3
2,antibiotic,7,3.213,0,3,21,11,10,16,1,NA,NA,antibiotic_gen2,A3
2,antibiotic,8,NA,0,3,6,NA,NA,NA,NA,NA,NA,antibiotic_gen2,A3
2,antibiotic,9,NA,0,3,2,NA,NA,NA,NA,NA,NA,antibiotic_gen2,A3
2,antibiotic,10,3.049,0,3,21,16,2,NA,NA,NA,NA,antibiotic_gen2,A3
2,antibiotic,11,3.119,0,3,21,11,10,16,2,NA,NA,antibiotic_gen2,A3
2,antibiotic,12,NA,0,3,6,NA,NA,NA,NA,NA,NA,antibiotic_gen2,A3
2,antibiotic,13,3.059,0,3,21,11,12,16,2,NA,NA,antibiotic_gen2,A3
2,antibiotic,14,NA,0,3,6,NA,NA,NA,NA,NA,NA,antibiotic_gen2,A3
2,antibiotic,15,2.961,0,3,21,11,11,16,6,NA,NA,antibiotic_gen2,A3
2,antibiotic,16,3.054,0,3,21,16,3,NA,NA,NA,NA,antibiotic_gen2,A3
2,antibiotic,17,NA,0,3,6,NA,NA,NA,NA,NA,NA,antibiotic_gen2,A3
2,antibiotic,18,3.045,0,3,21,11,11,15,4,NA,NA,antibiotic_gen2,A3
2,antibiotic,19,2.93,0,3,21,11,9,15,7,NA,NA,antibiotic_gen2,A3
2,antibiotic,20,3.014,0,3,21,11,8,19,3,NA,NA,antibiotic_gen2,A3
2,antibiotic,21,3.126,0,3,21,12,5,16,1,NA,NA,antibiotic_gen2,A3
2,antibiotic,22,3.043,0,3,21,11,10,16,4,NA,NA,antibiotic_gen2,A3
2,antibiotic,23,NA,0,3,6,NA,NA,NA,NA,NA,NA,antibiotic_gen2,A3
2,antibiotic,24,NA,0,3,7,NA,NA,NA,NA,NA,NA,antibiotic_gen2,A3
2,recovery,1,NA,2,1,6,NA,NA,NA,NA,NA,NA,recovery_gen2.0,R2->1
2,recovery,2,2.93,2,1,21,12,4,16,6,NA,NA,recovery_gen2.0,R2->1
2,recovery,3,2.971,2,1,21,15,7,19,5,NA,NA,recovery_gen2.0,R2->1
2,recovery,4,3.082,2,1,21,13,5,17,6,NA,NA,recovery_gen2.0,R2->1
2,recovery,5,3.246,2,1,21,12,5,16,6,20,3,recovery_gen2.0,R2->1
2,recovery,6,NA,2,1,6,NA,NA,NA,NA,NA,NA,recovery_gen2.0,R2->1
2,recovery,7,3.101,2,1,21,14,6,18,4,NA,NA,recovery_gen2.0,R2->1
2,recovery,8,3.207,2,1,21,12,3,15,6,19,7,recovery_gen2.0,R2->1
2,recovery,9,2.742,2,1,21,12,2,16,7,20,5,recovery_gen2.0,R2->1
2,recovery,10,NA,2,1,10,NA,NA,NA,NA,NA,NA,recovery_gen2.0,R2->1
2,recovery,11,2.944,2,1,21,13,3,17,5,NA,NA,recovery_gen2.0,R2->1
2,recovery,12,2.985,2,1,21,12,3,16,3,NA,NA,recovery_gen2.0,R2->1
2,recovery,13,3.076,2,1,21,12,2,16,3,20,4,recovery_gen2.0,R2->1
2,recovery,14,NA,2,1,4,NA,NA,NA,NA,NA,NA,recovery_gen2.0,R2->1
2,recovery,15,2.978,2,1,21,12,4,16,4,20,4,recovery_gen2.0,R2->1
2,recovery,16,3.072,2,1,21,13,1,16,5,NA,NA,recovery_gen2.0,R2->1
2,recovery,17,3.143,2,1,21,12,3,16,4,20,6,recovery_gen2.0,R2->1
2,recovery,18,3.169,2,1,21,13,3,17,8,NA,NA,recovery_gen2.0,R2->1
2,recovery,19,3.352,2,1,21,12,3,16,3,20,4,recovery_gen2.0,R2->1
2,recovery,20,3.128,2,1,21,12,3,16,6,NA,NA,recovery_gen2.0,R2->1
2,recovery,21,3.038,2,1,21,13,3,17,6,NA,NA,recovery_gen2.0,R2->1
2,recovery,22,2.828,2,1,21,13,5,17,3,20,3,recovery_gen2.0,R2->1
2,recovery,23,NA,2,1,18,13,3,18,3,NA,NA,recovery_gen2.0,R2->1
2,recovery,24,3.416,2,1,21,12,3,19,5,NA,NA,recovery_gen2.0,R2->1
2,recovery,1,3.181,1,2,21,13,2,17,5,NA,NA,recovery_gen1.1,R1->2
2,recovery,2,3.147,1,2,21,13,4,20,6,NA,NA,recovery_gen1.1,R1->2
2,recovery,3,NA,1,2,6,NA,NA,NA,NA,NA,NA,recovery_gen1.1,R1->2
2,recovery,4,2.834,1,2,21,14,2,18,3,NA,NA,recovery_gen1.1,R1->2
2,recovery,5,3.13,1,2,21,14,3,18,3,NA,NA,recovery_gen1.1,R1->2
2,recovery,6,3.216,1,2,21,16,8,20,5,NA,NA,recovery_gen1.1,R1->2
2,recovery,7,3.047,1,2,21,14,2,17,2,NA,NA,recovery_gen1.1,R1->2
2,recovery,8,NA,1,2,6,NA,NA,NA,NA,NA,NA,recovery_gen1.1,R1->2
2,recovery,9,2.726,1,2,21,13,3,17,4,NA,NA,recovery_gen1.1,R1->2
2,recovery,10,3.054,1,2,21,13,4,17,4,NA,NA,recovery_gen1.1,R1->2
2,recovery,11,2.859,1,2,21,13,2,17,4,NA,NA,recovery_gen1.1,R1->2
2,recovery,12,3.091,1,2,21,13,1,16,9,NA,NA,recovery_gen1.1,R1->2
2,recovery,13,2.829,1,2,21,13,4,17,7,NA,NA,recovery_gen1.1,R1->2
2,recovery,14,3.179,1,2,21,13,2,17,3,NA,NA,recovery_gen1.1,R1->2
2,recovery,15,3.284,1,2,21,16,7,20,5,NA,NA,recovery_gen1.1,R1->2
2,recovery,16,3.093,1,2,21,13,2,17,4,NA,NA,recovery_gen1.1,R1->2
2,recovery,17,3.097,1,2,21,16,7,20,4,NA,NA,recovery_gen1.1,R1->2
2,recovery,18,3.038,1,2,21,13,1,16,6,20,6,recovery_gen1.1,R1->2
2,recovery,19,2.932,1,2,21,13,1,16,8,20,5,recovery_gen1.1,R1->2
2,recovery,20,NA,1,2,6,NA,NA,NA,NA,NA,NA,recovery_gen1.1,R1->2
2,recovery,21,3.234,1,2,21,16,9,20,7,NA,NA,recovery_gen1.1,R1->2
2,recovery,22,3.25,1,2,21,14,3,17,6,NA,NA,recovery_gen1.1,R1->2
2,recovery,23,3.069,1,2,21,13,3,17,6,NA,NA,recovery_gen1.1,R1->2
2,recovery,24,3.152,1,2,21,16,10,20,6,NA,NA,recovery_gen1.1,R1->2
3,control,1,3.17,4,0,21,12,5,16,4,20,4,control_gen3,C4
3,control,2,NA,4,0,16,NA,NA,NA,NA,NA,NA,control_gen3,C4
3,control,3,2.95,4,0,21,13,4,18,2,NA,NA,control_gen3,C4
3,control,4,3.16,4,0,21,14,4,20,3,NA,NA,control_gen3,C4
3,control,5,3.075,4,0,21,NA,NA,NA,NA,NA,NA,control_gen3,C4
3,control,6,NA,4,0,15,NA,NA,NA,NA,NA,NA,control_gen3,C4
3,control,7,3.137,4,0,21,16,7,20,5,NA,NA,control_gen3,C4
3,control,8,2.906,4,0,21,14,4,18,3,NA,NA,control_gen3,C4
3,control,9,2.946,4,0,21,12,3,17,8,NA,NA,control_gen3,C4
3,control,10,2.985,4,0,21,12,6,16,5,20,2,control_gen3,C4
3,control,11,3.051,4,0,21,12,1,16,8,20,1,control_gen3,C4
3,control,12,3.041,4,0,21,NA,NA,NA,NA,NA,NA,control_gen3,C4
3,control,13,3.091,4,0,21,12,4,16,5,20,4,control_gen3,C4
3,control,14,NA,4,0,11,NA,NA,NA,NA,NA,NA,control_gen3,C4
3,control,15,3.121,4,0,21,16,5,20,6,NA,NA,control_gen3,C4
3,control,16,3.165,4,0,21,12,4,16,4,NA,NA,control_gen3,C4
3,control,17,3.113,4,0,21,12,8,16,5,20,4,control_gen3,C4
3,control,18,3.047,4,0,21,13,1,18,1,NA,NA,control_gen3,C4
3,control,19,3.384,4,0,21,12,9,20,5,NA,NA,control_gen3,C4
3,control,20,NA,4,0,NA,NA,NA,NA,NA,NA,NA,control_gen3,C4
3,control,21,2.915,4,0,21,12,4,17,3,NA,NA,control_gen3,C4
3,control,22,3.072,4,0,21,12,6,16,6,20,4,control_gen3,C4
3,control,23,3.021,4,0,21,12,4,16,6,20,5,control_gen3,C4
3,control,24,3.03,4,0,21,12,4,16,5,20,3,control_gen3,C4
3,antibiotic,1,NA,0,4,4,NA,NA,NA,NA,NA,NA,antibiotic_gen3,A4
3,antibiotic,2,3.33,0,4,21,12,12,16,7,,,antibiotic_gen3,A4
3,antibiotic,3,NA,0,4,4,NA,NA,NA,NA,NA,NA,antibiotic_gen3,A4
3,antibiotic,4,NA,0,4,6,NA,NA,NA,NA,NA,NA,antibiotic_gen3,A4
3,antibiotic,5,NA,0,4,4,NA,NA,NA,NA,NA,NA,antibiotic_gen3,A4
3,antibiotic,6,3.259,0,4,21,12,10,16,6,20,3,antibiotic_gen3,A4
3,antibiotic,7,3.381,0,4,21,12,7,16,4,20,5,antibiotic_gen3,A4
3,antibiotic,8,3.416,0,4,21,12,6,16,2,19,6,antibiotic_gen3,A4
3,antibiotic,9,3.12,0,4,21,14,3,17,7,NA,NA,antibiotic_gen3,A4
3,antibiotic,10,3.452,0,4,21,11,4,15,6,20,4,antibiotic_gen3,A4
3,antibiotic,11,3.437,0,4,21,12,9,16,5,20,6,antibiotic_gen3,A4
3,antibiotic,12,3.129,0,4,21,11,8,15,5,20,2,antibiotic_gen3,A4
3,antibiotic,13,3.368,0,4,21,11,4,15,7,19,6,antibiotic_gen3,A4
3,antibiotic,14,NA,0,4,4,NA,NA,NA,NA,NA,NA,antibiotic_gen3,A4
3,antibiotic,15,3.056,0,4,21,11,9,16,3,19,4,antibiotic_gen3,A4
3,antibiotic,16,3.43,0,4,21,12,6,16,2,20,4,antibiotic_gen3,A4
3,antibiotic,17,NA,0,4,6,NA,NA,NA,NA,NA,NA,antibiotic_gen3,A4
3,antibiotic,18,3.133,0,4,21,12,9,19,5,20,4,antibiotic_gen3,A4
3,antibiotic,19,3.354,0,4,21,14,2,17,1,20,3,antibiotic_gen3,A4
3,antibiotic,20,3.249,0,4,21,17,6,NA,NA,NA,NA,antibiotic_gen3,A4
3,antibiotic,21,NA,0,4,4,NA,NA,NA,NA,NA,NA,antibiotic_gen3,A4
3,recovery,1,NA,3,1,4,NA,NA,NA,NA,NA,NA,recovery_gen3.0,R3->1
3,recovery,2,3.15,3,1,21,18,3,NA,NA,NA,NA,recovery_gen3.0,R3->1
3,recovery,3,3.133,3,1,21,18,2,NA,NA,NA,NA,recovery_gen3.0,R3->1
3,recovery,4,3.188,3,1,21,12,7,16,7,NA,NA,recovery_gen3.0,R3->1
3,recovery,5,3.448,3,1,21,20,5,NA,NA,NA,NA,recovery_gen3.0,R3->1
3,recovery,6,3.332,3,1,21,12,6,16,6,20,5,recovery_gen3.0,R3->1
3,recovery,7,3.054,3,1,21,12,4,16,6,NA,NA,recovery_gen3.0,R3->1
3,recovery,8,3.195,3,1,21,12,7,16,6,20,4,recovery_gen3.0,R3->1
3,recovery,9,NA,3,1,4,NA,NA,NA,NA,NA,NA,recovery_gen3.0,R3->1
3,recovery,10,3.102,3,1,21,14,3,18,4,NA,NA,recovery_gen3.0,R3->1
3,recovery,11,NA,3,1,2,NA,NA,NA,NA,NA,NA,recovery_gen3.0,R3->1
3,recovery,12,3.298,3,1,21,15,2,19,4,NA,NA,recovery_gen3.0,R3->1
3,recovery,13,3.106,3,1,21,12,5,16,5,20,5,recovery_gen3.0,R3->1
3,recovery,14,3.246,3,1,21,15,3,19,5,NA,NA,recovery_gen3.0,R3->1
3,recovery,15,2.947,3,1,21,17,5,NA,NA,NA,NA,recovery_gen3.0,R3->1
3,recovery,16,3.035,3,1,21,12,2,16,6,20,7,recovery_gen3.0,R3->1
3,recovery,17,3.221,3,1,21,13,3,17,4,NA,NA,recovery_gen3.0,R3->1
3,recovery,18,3.11,3,1,21,12,3,16,4,20,4,recovery_gen3.0,R3->1
3,recovery,19,3.011,3,1,21,15,4,19,5,NA,NA,recovery_gen3.0,R3->1
3,recovery,20,NA,3,1,13,NA,NA,NA,NA,NA,NA,recovery_gen3.0,R3->1
3,recovery,21,2.88,3,1,21,16,5,NA,NA,NA,NA,recovery_gen3.0,R3->1
3,recovery,22,3.195,3,1,21,15,3,19,4,NA,NA,recovery_gen3.0,R3->1
3,recovery,23,3.028,3,1,21,13,2,16,5,NA,NA,recovery_gen3.0,R3->1
3,recovery,24,3.318,3,1,21,12,4,16,5,20,6,recovery_gen3.0,R3->1
3,recovery,1,3.02,2,2,21,12,6,16,5,20,5,recovery_gen2.1,R2->2
3,recovery,2,3.045,2,2,21,12,5,16,6,NA,NA,recovery_gen2.1,R2->2
3,recovery,3,3.391,2,2,21,12,7,16,6,20,5,recovery_gen2.1,R2->2
3,recovery,4,2.959,2,2,21,12,3,16,7,NA,NA,recovery_gen2.1,R2->2
3,recovery,5,3.295,2,2,21,18,3,NA,NA,NA,NA,recovery_gen2.1,R2->2
3,recovery,6,3.255,2,2,21,12,6,16,6,20,5,recovery_gen2.1,R2->2
3,recovery,7,3.174,2,2,21,12,6,16,5,20,5,recovery_gen2.1,R2->2
3,recovery,8,2.786,2,2,21,12,5,16,2,,,recovery_gen2.1,R2->2
3,recovery,9,3.226,2,2,21,12,6,16,6,20,5,recovery_gen2.1,R2->2
3,recovery,10,3.159,2,2,21,12,4,16,6,20,4,recovery_gen2.1,R2->2
3,recovery,11,3.233,2,2,21,15,3,19,6,,,recovery_gen2.1,R2->2
3,recovery,12,NA,2,2,4,NA,NA,NA,NA,NA,NA,recovery_gen2.1,R2->2
3,recovery,13,2.901,2,2,21,12,5,16,6,20,4,recovery_gen2.1,R2->2
3,recovery,14,NA,2,2,12,NA,NA,NA,NA,NA,NA,recovery_gen2.1,R2->2
3,recovery,15,3.204,2,2,21,12,7,16,5,NA,NA,recovery_gen2.1,R2->2
3,recovery,16,NA,2,2,6,NA,NA,NA,NA,NA,NA,recovery_gen2.1,R2->2
3,recovery,17,2.943,2,2,21,12,5,20,7,,,recovery_gen2.1,R2->2
3,recovery,18,3.371,2,2,21,12,7,16,3,20,4,recovery_gen2.1,R2->2
3,recovery,19,3.237,2,2,21,12,8,16,6,20,4,recovery_gen2.1,R2->2
3,recovery,20,3.02,2,2,21,12,8,16,6,20,3,recovery_gen2.1,R2->2
3,recovery,21,3.103,2,2,21,14,2,17,3,NA,NA,recovery_gen2.1,R2->2
3,recovery,22,2.944,2,2,21,12,5,16,5,20,6,recovery_gen2.1,R2->2
3,recovery,23,3.12,2,2,21,12,6,18,4,NA,NA,recovery_gen2.1,R2->2
3,recovery,24,3.079,2,2,21,NA,NA,NA,NA,NA,NA,recovery_gen2.1,R2->2
3,recovery,1,3.285,1,3,21,13,4,17,12,NA,NA,recovery_gen1.2,R1->3
3,recovery,2,2.968,1,3,21,11,2,15,8,19,6,recovery_gen1.2,R1->3
3,recovery,3,3.015,1,3,21,12,5,16,7,20,3,recovery_gen1.2,R1->3
3,recovery,4,2.71,1,3,21,13,2,17,7,NA,NA,recovery_gen1.2,R1->3
3,recovery,5,2.922,1,3,21,12,2,16,6,20,2,recovery_gen1.2,R1->3
3,recovery,6,3.249,1,3,21,14,8,18,8,NA,NA,recovery_gen1.2,R1->3
3,recovery,7,3.22,1,3,21,11,3,15,7,19,4,recovery_gen1.2,R1->3
3,recovery,8,3.002,1,3,21,11,2,15,5,20,3,recovery_gen1.2,R1->3
3,recovery,9,3.14,1,3,21,11,5,15,5,19,5,recovery_gen1.2,R1->3
3,recovery,10,3.17,1,3,21,11,6,15,6,20,3,recovery_gen1.2,R1->3
3,recovery,11,3.148,1,3,21,11,7,15,6,20,4,recovery_gen1.2,R1->3
3,recovery,12,3.191,1,3,21,11,6,15,5,20,4,recovery_gen1.2,R1->3
3,recovery,13,2.731,1,3,21,15,6,16,6,20,4,recovery_gen1.2,R1->3
3,recovery,14,2.897,1,3,21,13,4,18,7,NA,NA,recovery_gen1.2,R1->3
3,recovery,15,NA,1,3,6,NA,NA,NA,NA,NA,NA,recovery_gen1.2,R1->3
3,recovery,16,NA,1,3,4,NA,NA,NA,NA,NA,NA,recovery_gen1.2,R1->3
3,recovery,17,3.227,1,3,21,12,10,16,5,NA,NA,recovery_gen1.2,R1->3
3,recovery,18,2.919,1,3,21,11,4,15,5,NA,NA,recovery_gen1.2,R1->3
3,recovery,19,NA,1,3,4,NA,NA,NA,NA,NA,NA,recovery_gen1.2,R1->3
3,recovery,20,3.08,1,3,21,11,7,15,2,NA,NA,recovery_gen1.2,R1->3
3,recovery,21,3.209,1,3,21,11,3,14,6,19,6,recovery_gen1.2,R1->3
3,recovery,22,3.222,1,3,21,13,4,17,10,NA,NA,recovery_gen1.2,R1->3
4,control,1,3.044,5,0,21,16,1,NA,NA,NA,NA,control_gen4,C5
4,control,2,NA,5,0,4,NA,NA,NA,NA,NA,NA,control_gen4,C5
4,control,3,3.402,5,0,21,15,3,19,6,NA,NA,control_gen4,C5
4,control,4,3.157,5,0,21,14,1,17,5,NA,NA,control_gen4,C5
4,control,5,NA,5,0,19,13,7,17,5,NA,NA,control_gen4,C5
4,control,6,3.192,5,0,21,12,11,16,3,20,7,control_gen4,C5
4,control,7,3.492,5,0,21,12,10,16,2,20,6,control_gen4,C5
4,control,8,3.172,5,0,21,12,10,16,3,NA,NA,control_gen4,C5
4,control,9,3.373,5,0,21,12,9,16,5,20,8,control_gen4,C5
4,control,10,3.059,5,0,21,13,8,17,4,NA,NA,control_gen4,C5
4,control,11,3.112,5,0,21,12,9,16,4,NA,NA,control_gen4,C5
4,control,12,3.317,5,0,21,13,6,17,4,NA,NA,control_gen4,C5
4,control,13,3.194,5,0,21,12,9,16,3,20,7,control_gen4,C5
4,control,14,NA,5,0,4,NA,NA,NA,NA,NA,NA,control_gen4,C5
4,control,15,3.235,5,0,21,13,8,17,1,NA,NA,control_gen4,C5
4,control,16,3.161,5,0,21,13,6,17,3,NA,NA,control_gen4,C5
4,control,17,3.478,5,0,21,12,6,20,5,NA,NA,control_gen4,C5
4,control,18,3.276,5,0,21,12,7,17,4,NA,NA,control_gen4,C5
4,control,19,NA,5,0,4,NA,NA,NA,NA,NA,NA,control_gen4,C5
4,control,20,3.018,5,0,21,13,7,17,3,NA,NA,control_gen4,C5
4,control,21,3.334,5,0,21,12,10,20,4,NA,NA,control_gen4,C5
4,control,22,3.07,5,0,21,12,5,17,2,NA,NA,control_gen4,C5
4,control,23,3.333,5,0,21,12,13,16,4,20,6,control_gen4,C5
4,control,24,3.318,5,0,21,12,4,16,2,20,5,control_gen4,C5
4,antibiotic,1,3.446,0,5,21,13,7,17,11,NA,NA,antibiotic_gen4,A5
4,antibiotic,2,3.26,0,5,21,13,5,17,7,NA,NA,antibiotic_gen4,A5
4,antibiotic,3,NA,0,5,6,NA,NA,NA,NA,NA,NA,antibiotic_gen4,A5
4,antibiotic,4,3.427,0,5,21,12,7,17,7,20,2,antibiotic_gen4,A5
4,antibiotic,5,3.495,0,5,21,12,5,16,7,20,7,antibiotic_gen4,A5
4,antibiotic,6,3.494,0,5,21,13,6,17,10,NA,NA,antibiotic_gen4,A5
4,antibiotic,7,3.316,0,5,21,12,6,16,8,NA,NA,antibiotic_gen4,A5
4,antibiotic,8,3.335,0,5,21,13,4,17,7,NA,NA,antibiotic_gen4,A5
4,antibiotic,9,3.295,0,5,21,11,6,15,8,20,7,antibiotic_gen4,A5
4,antibiotic,10,NA,0,5,8,NA,NA,NA,NA,NA,NA,antibiotic_gen4,A5
4,antibiotic,11,3.397,0,5,21,12,10,16,9,20,8,antibiotic_gen4,A5
4,antibiotic,12,NA,0,5,6,NA,NA,NA,NA,NA,NA,antibiotic_gen4,A5
4,antibiotic,13,3.329,0,5,21,11,7,15,10,20,5,antibiotic_gen4,A5
4,antibiotic,14,3.419,0,5,21,12,6,17,11,NA,NA,antibiotic_gen4,A5
4,antibiotic,15,3.666,0,5,21,13,5,17,9,NA,NA,antibiotic_gen4,A5
4,antibiotic,16,3.439,0,5,21,13,7,17,11,NA,NA,antibiotic_gen4,A5
4,antibiotic,17,NA,0,5,16,12,3,NA,NA,NA,NA,antibiotic_gen4,A5
4,antibiotic,18,3.352,0,5,21,12,9,16,9,20,7,antibiotic_gen4,A5
4,antibiotic,19,3.33,0,5,21,12,9,16,9,20,9,antibiotic_gen4,A5
4,antibiotic,20,NA,0,5,NA,NA,NA,NA,NA,NA,NA,antibiotic_gen4,A5
4,antibiotic,21,3.316,0,5,21,13,8,17,10,NA,NA,antibiotic_gen4,A5
4,antibiotic,22,NA,0,5,8,NA,NA,NA,NA,NA,NA,antibiotic_gen4,A5
4,antibiotic,23,3.366,0,5,21,12,9,16,7,20,8,antibiotic_gen4,A5
4,antibiotic,24,3.449,0,5,1,12,9,16,6,20,7,antibiotic_gen4,A5
4,recovery,1,3.19,4,1,21,12,2,15,9,20,4,recovery_gen4.0,R4->1
4,recovery,2,3.378,4,1,21,12,3,15,8,20,6,recovery_gen4.0,R4->1
4,recovery,3,3.323,4,1,21,12,1,15,8,20,6,recovery_gen4.0,R4->1
4,recovery,4,3.247,4,1,21,13,5,17,8,NA,NA,recovery_gen4.0,R4->1
4,recovery,5,3.102,4,1,21,13,5,18,6,NA,NA,recovery_gen4.0,R4->1
4,recovery,6,3.302,4,1,21,11,3,15,8,19,5,recovery_gen4.0,R4->1
4,recovery,7,NA,4,1,8,NA,NA,NA,NA,NA,NA,recovery_gen4.0,R4->1
4,recovery,8,3.171,4,1,21,11,3,15,10,19,5,recovery_gen4.0,R4->1
4,recovery,9,NA,4,1,6,NA,NA,NA,NA,NA,NA,recovery_gen4.0,R4->1
4,recovery,10,2.911,4,1,21,12,8,17,8,20,9,recovery_gen4.0,R4->1
4,recovery,11,3.029,4,1,21,13,6,17,7,NA,NA,recovery_gen4.0,R4->1
4,recovery,12,3.243,4,1,21,13,5,17,7,NA,NA,recovery_gen4.0,R4->1
4,recovery,13,3.112,4,1,21,13,6,17,6,NA,NA,recovery_gen4.0,R4->1
4,recovery,14,2.975,4,1,21,13,5,18,5,NA,NA,recovery_gen4.0,R4->1
4,recovery,15,2.967,4,1,21,13,5,17,8,NA,NA,recovery_gen4.0,R4->1
4,recovery,16,3.209,4,1,21,16,8,20,6,NA,NA,recovery_gen4.0,R4->1
4,recovery,17,3.158,4,1,21,13,4,17,3,NA,NA,recovery_gen4.0,R4->1
4,recovery,18,3.277,4,1,21,13,4,18,5,NA,NA,recovery_gen4.0,R4->1
4,recovery,19,3.397,4,1,21,12,5,15,7,20,6,recovery_gen4.0,R4->1
4,recovery,20,3.188,4,1,21,13,5,17,6,NA,NA,recovery_gen4.0,R4->1
4,recovery,21,3.18,4,1,21,13,5,18,4,NA,NA,recovery_gen4.0,R4->1
4,recovery,22,3.139,4,1,21,13,3,17,4,NA,NA,recovery_gen4.0,R4->1
4,recovery,23,2.959,4,1,21,13,6,17,7,NA,NA,recovery_gen4.0,R4->1
4,recovery,24,3.198,4,1,21,13,5,17,5,NA,NA,recovery_gen4.0,R4->1
4,recovery,1,3.269,3,2,21,12,4,17,7,NA,NA,recovery_gen3.1,R3->2
4,recovery,2,NA,3,2,8,NA,NA,NA,NA,NA,NA,recovery_gen3.1,R3->2
4,recovery,3,3.165,3,2,21,13,5,17,5,NA,NA,recovery_gen3.1,R3->2
4,recovery,4,3.23,3,2,21,12,7,16,6,20,7,recovery_gen3.1,R3->2
4,recovery,5,2.857,3,2,20,13,4,NA,NA,NA,NA,recovery_gen3.1,R3->2
4,recovery,6,3.0382,3,2,21,13,5,17,7,NA,NA,recovery_gen3.1,R3->2
4,recovery,7,3.111,3,2,21,13,4,17,7,NA,NA,recovery_gen3.1,R3->2
4,recovery,8,2.953,3,2,21,12,6,17,4,20,6,recovery_gen3.1,R3->2
4,recovery,9,3.297,3,2,21,12,9,16,8,20,9,recovery_gen3.1,R3->2
4,recovery,10,3.251,3,2,21,13,5,17,8,NA,NA,recovery_gen3.1,R3->2
4,recovery,11,3.199,3,2,21,12,8,17,8,20,7,recovery_gen3.1,R3->2
4,recovery,12,3.508,3,2,21,13,6,17,5,NA,NA,recovery_gen3.1,R3->2
4,recovery,13,2.294,3,2,20,13,5,17,5,NA,NA,recovery_gen3.1,R3->2
4,recovery,14,NA,3,2,4,NA,NA,NA,NA,NA,NA,recovery_gen3.1,R3->2
4,recovery,15,2.933,3,2,21,13,6,17,7,NA,NA,recovery_gen3.1,R3->2
4,recovery,16,3.346,3,2,21,13,5,17,8,NA,NA,recovery_gen3.1,R3->2
4,recovery,17,2.906,3,2,21,12,8,16,4,20,9,recovery_gen3.1,R3->2
4,recovery,18,NA,3,2,6,NA,NA,NA,NA,NA,NA,recovery_gen3.1,R3->2
4,recovery,19,NA,3,2,18,13,6,17,9,NA,NA,recovery_gen3.1,R3->2
4,recovery,20,3.173,3,2,21,12,8,16,9,20,6,recovery_gen3.1,R3->2
4,recovery,21,3.153,3,2,21,13,4,NA,NA,NA,NA,recovery_gen3.1,R3->2
4,recovery,22,3.048,3,2,21,13,9,17,6,NA,NA,recovery_gen3.1,R3->2
4,recovery,23,NA,3,2,4,NA,NA,NA,NA,NA,NA,recovery_gen3.1,R3->2
4,recovery,24,3.19,3,2,21,13,2,17,7,NA,NA,recovery_gen3.1,R3->2
4,recovery,1,3.42,2,3,21,11,10,15,8,NA,NA,recovery_gen2.2,R2->3
4,recovery,2,3.138,2,3,21,11,9,15,8,19,2,recovery_gen2.2,R2->3
4,recovery,3,3.28,2,3,21,11,8,15,6,19,3,recovery_gen2.2,R2->3
4,recovery,4,3.369,2,3,21,10,4,14,5,18,6,recovery_gen2.2,R2->3
4,recovery,5,3.423,2,3,21,12,11,16,8,20,6,recovery_gen2.2,R2->3
4,recovery,6,3.406,2,3,21,11,11,15,5,18,1,recovery_gen2.2,R2->3
4,recovery,7,3.158,2,3,21,10,5,14,6,18,6,recovery_gen2.2,R2->3
4,recovery,8,3.244,2,3,21,9,6,13,8,18,7,recovery_gen2.2,R2->3
4,recovery,9,NA,2,3,6,NA,NA,NA,NA,NA,NA,recovery_gen2.2,R2->3
4,recovery,10,3.12,2,3,21,10,3,14,4,18,7,recovery_gen2.2,R2->3
4,recovery,11,3.308,2,3,21,9,4,13,6,18,6,recovery_gen2.2,R2->3
4,recovery,12,3.168,2,3,21,13,8,14,8,17,8,recovery_gen2.2,R2->3
4,recovery,13,3.21,2,3,21,13,7,14,8,17,11,recovery_gen2.2,R2->3
4,recovery,14,3.324,2,3,21,9,3,13,6,17,8,recovery_gen2.2,R2->3
4,recovery,15,3.43,2,3,21,11,11,15,5,19,5,recovery_gen2.2,R2->3
4,recovery,16,3.419,2,3,21,11,11,15,7,19,4,recovery_gen2.2,R2->3
4,recovery,17,3.153,2,3,21,10,5,14,4,18,6,recovery_gen2.2,R2->3
4,recovery,18,3.106,2,3,21,12,12,16,8,20,6,recovery_gen2.2,R2->3
4,recovery,19,3.081,2,3,21,10,5,14,6,18,5,recovery_gen2.2,R2->3
4,recovery,20,3.162,2,3,21,11,4,16,6,20,4,recovery_gen2.2,R2->3
4,recovery,21,3.42,2,3,21,12,13,16,6,20,5,recovery_gen2.2,R2->3
4,recovery,22,3.326,2,3,21,11,6,15,6,19,8,recovery_gen2.2,R2->3
4,recovery,23,3.37,2,3,21,11,10,16,4,20,5,recovery_gen2.2,R2->3
4,recovery,24,3.091,2,3,21,12,8,17,11,NA,NA,recovery_gen2.2,R2->3
4,recovery,1,3.599,1,4,21,11,5,15,7,20,7,recovery_gen1.3,R1->4
4,recovery,2,3.476,1,4,21,12,12,16,4,20,11,recovery_gen1.3,R1->4
4,recovery,3,3.572,1,4,21,12,6,16,9,20,7,recovery_gen1.3,R1->4
4,recovery,4,NA,1,4,6,NA,NA,NA,NA,NA,NA,recovery_gen1.3,R1->4
4,recovery,5,3.295,1,4,21,13,7,17,11,NA,NA,recovery_gen1.3,R1->4
4,recovery,6,2.949,1,4,21,13,5,17,11,20,6,recovery_gen1.3,R1->4
4,recovery,7,3.418,1,4,21,12,10,16,6,20,7,recovery_gen1.3,R1->4
4,recovery,8,3.555,1,4,21,12,10,17,7,20,6,recovery_gen1.3,R1->4
4,recovery,9,3.715,1,4,21,11,9,15,6,19,13,recovery_gen1.3,R1->4
4,recovery,10,3.26,1,4,21,12,9,16,9,20,9,recovery_gen1.3,R1->4
4,recovery,11,3.208,1,4,21,13,11,17,9,NA,NA,recovery_gen1.3,R1->4
4,recovery,12,3.277,1,4,21,15,10,16,11,19,10,recovery_gen1.3,R1->4
4,recovery,13,3.571,1,4,21,12,11,16,7,20,1,recovery_gen1.3,R1->4
4,recovery,14,3.285,1,4,21,12,8,17,4,NA,NA,recovery_gen1.3,R1->4
4,recovery,15,3.478,1,4,21,13,8,17,9,NA,NA,recovery_gen1.3,R1->4
4,recovery,16,3.294,1,4,21,13,8,17,9,NA,NA,recovery_gen1.3,R1->4
4,recovery,17,3.275,1,4,21,12,8,16,7,20,7,recovery_gen1.3,R1->4
4,recovery,18,NA,1,4,6,NA,NA,NA,NA,NA,NA,recovery_gen1.3,R1->4
4,recovery,19,3.6,1,4,21,12,10,16,6,20,9,recovery_gen1.3,R1->4
4,recovery,20,3.47,1,4,21,11,7,15,8,20,7,recovery_gen1.3,R1->4
4,recovery,21,3.253,1,4,21,12,7,16,8,20,8,recovery_gen1.3,R1->4
4,recovery,22,3.52,1,4,21,14,6,18,5,NA,NA,recovery_gen1.3,R1->4
4,recovery,23,3.18,1,4,21,12,11,17,3,NA,NA,recovery_gen1.3,R1->4
4,recovery,24,3.362,1,4,21,12,9,16,7,20,2,recovery_gen1.3,R1->4